"Employee_Name:Candie, Calvin"
"Salary:72640"
"Position:Production Manager"
"DOB:08/09/83"
"Sex:M"
""
"Employee_Name:Anderson, Linda"
"Salary:57568"
"Position:Production Technician I"
"DOB:05/22/77"
"Sex:F"
""
"Employee_Name:Billis, Helen"
"Salary:62910"
"Position:Production Technician I"
"DOB:09/01/89"
"Sex:F"
""
"Employee_Name:Patronick, Lucas"
"Salary:108987"
"Position:Software Engineer"
"DOB:02/20/79"
"Sex:M"
""
"Employee_Name:Driver, Elle"
"Salary:74241"
"Position:Area Sales Manager"
"DOB:11/08/88"
"Sex:F"
""
"Employee_Name:Harrison, Kara"
"Salary:62065"
"Position:Production Technician I"
"DOB:05/02/74"
"Sex:F"
""
"Employee_Name:Lindsay, Leonara"
"Salary:51777"
"Position:IT Support"
"DOB:10/05/88"
"Sex:F"
""
"Employee_Name:Jeannite, Tayana"
"Salary:60724"
"Position:Production Technician II"
"DOB:11/06/86"
"Sex:F"
""
"Employee_Name:Zamora, Jennifer"
"Salary:220450"
"Position:CIO"
"DOB:08/30/79"
"Sex:F"
""
""
"Employee_Name:Rivera, Haley"
"Salary:46738"
"Position:Production Technician I"
"DOB:01/12/73"
"Sex:F"
""
"Employee_Name:Barbossa, Hector"
"Salary:92328"
"Position:Data Analyst"
"DOB:07/04/88"
"Sex:M"
""
"Employee_Name:Torrence, Jack"
"Salary:64397"
"Position:Area Sales Manager"
"DOB:01/15/68"
"Sex:M"
""
"Employee_Name:Squatrito, Kristen"
"Salary:62425"
"Position:Production Technician I"
"DOB:03/26/73"
"Sex:F"
""
"Employee_Name:Foss, Jason"
"Salary:178000"
"Position:IT Director"
"DOB:07/05/80"
"Sex:M"
""
"Employee_Name:Petrowsky, Thelma"
"Salary:93554"
"Position:Data Analyst"
"DOB:09/16/84"
"Sex:F"
""
"Employee_Name:Liebig, Ketsia"
"Salary:77915"
"Position:Production Manager"
"DOB:10/26/81"
"Sex:F"
""
"Employee_Name:Girifalco, Evelyn"
"Salary:57815"
"Position:Production Technician I"
"DOB:05/08/80"
"Sex:F"
""
"Employee_Name:Corleone, Vito"
"Salary:170500"
"Position:Director of Operations"
"DOB:03/19/83"
"Sex:M"
""
"Employee_Name:Robinson, Elias"
"Salary:63353"
"Position:Production Technician I"
"DOB:01/28/85"
"Sex:M"
""
"Employee_Name:Osturnka, Adeel"
"Salary:47414"
"Position:Production Technician I"
"DOB:12/11/76"
"Sex:M"
""
"Employee_Name:Volk, Colleen"
"Salary:49773"
"Position:Production Technician I"
"DOB:06/03/86"
"Sex:F"
""
"Employee_Name:Beak, Kimberly"
"Salary:70131"
"Position:Production Technician II"
"DOB:04/17/66"
"Sex:F"
""
"Employee_Name:Szabo, Andrew"
"Salary:92989"
"Position:Software Engineer"
"DOB:05/06/83"
"Sex:M"
""
"Employee_Name:Monterro, Luisa"
"Salary:72460"
"Position:Production Technician II"
"DOB:04/24/70"
"Sex:F"
""
"Employee_Name:Adinolfi, Wilson  K"
"Salary:62506"
"Position:Production Technician I"
"DOB:07/10/83"
"Sex:M"
""
"Employee_Name:Smith, Joe"
"Salary:60656"
"Position:Production Technician II"
"DOB:10/30/63"
"Sex:M"
""
"Employee_Name:Dougall, Eric"
"Salary:138888"
"Position:IT Manager - Support"
"DOB:07/09/70"
"Sex:M"
""
"Employee_Name:Clukey, Elijian"
"Salary:50373"
"Position:Production Technician I"
"DOB:08/26/80"
"Sex:M"
""
""
""
""
""
""
""
""
""
""
""
""
""
